,word1,word2,SimLex999,SD(SimLex),rank_simlex,w2v_score,rank_w2v
0,vanish,disappear,9.8,0.46,1,0.9107481837272644,4
1,quick,rapid,9.7,1.14,2,0.41410312056541443,555
2,creator,maker,9.62,1.4,3,0.3076682686805725,758
3,stupid,dumb,9.58,1.48,4,0.8044161200523376,20
4,insane,crazy,9.57,0.92,5,0.6161147952079773,187
5,large,big,9.55,0.44,6,0.5758966207504272,424
6,happy,cheerful,9.55,2.18,7,0.4849812388420105,254
7,cow,cattle,9.52,0.79,8,0.4633312523365021,473
8,area,region,9.47,0.58,9,0.6639090180397034,55
9,large,huge,9.47,1.27,10,0.7332226037979126,117
10,simple,easy,9.4,1.51,11,0.5750402808189392,256
11,bizarre,strange,9.37,1.54,12,0.7401601672172546,48
12,student,pupil,9.35,1.11,13,0.6005239486694336,208
13,attorney,lawyer,9.35,1.4,14,0.8082168102264404,18
14,occur,happen,9.32,1.34,15,0.7235676646232605,62
15,hallway,corridor,9.28,0.76,16,0.5934221744537354,223
16,inform,notify,9.25,0.44,17,0.8101211786270142,16
17,teacher,instructor,9.25,1.53,18,0.6823914051055908,98
18,smart,intelligent,9.2,0.67,19,0.6229316592216492,176
19,taxi,cab,9.2,1.23,20,0.8369302153587341,143
20,weird,odd,9.2,1.27,21,0.644493579864502,12
21,drizzle,rain,9.17,0.39,22,0.684546709060669,92
22,scarce,rare,9.17,1.21,23,0.28956568241119385,790
23,happy,glad,9.17,1.59,24,0.639121949672699,151
24,protect,defend,9.13,1.29,25,0.6821181774139404,99
25,plead,beg,9.08,1.26,26,0.3799037039279938,624
26,declare,announce,9.08,1.56,27,0.5971643924713135,511
27,boundary,border,9.08,0.44,28,0.440932959318161,213
28,cop,sheriff,9.05,1.55,29,0.40188300609588623,148
29,adversary,opponent,9.05,1.4,30,0.6404305696487427,580
30,pact,agreement,9.02,1.2,31,0.7871149182319641,352
31,corporation,business,9.02,1.44,32,0.41893094778060913,77
32,business,company,9.02,0.47,33,0.5218483209609985,548
33,strange,odd,9.02,1.04,34,0.7037840485572815,28
34,victory,triumph,8.98,0.94,35,0.8011323809623718,21
35,abundance,plenty,8.97,1.02,36,0.5082080960273743,82
36,essential,necessary,8.97,1.11,37,0.6991448998451233,380
37,weird,strange,8.93,1.3,38,0.829181969165802,13
38,journey,trip,8.88,1.14,39,0.7019433975219727,32
39,physician,doctor,8.88,1.5,40,0.781146764755249,79
40,decide,choose,8.87,1.26,41,0.6713310480117798,3
41,task,job,8.87,1.75,42,0.41233623027801514,560
42,movie,film,8.87,1.72,43,0.9174416661262512,109
43,roam,wander,8.83,0.89,44,0.6950826644897461,86
44,shore,coast,8.83,1.53,45,0.46206972002983093,474
45,acquire,get,8.82,0.94,46,0.40302541851997375,91
46,contemplate,think,8.82,1.59,47,0.3683048486709595,644
47,crucial,important,8.82,1.25,48,0.6855054497718811,579
48,heroine,hero,8.78,1.79,49,0.6095786094665527,119
49,friend,buddy,8.78,0.93,50,0.660933256149292,104
50,danger,threat,8.78,1.56,51,0.6748613715171814,197
51,hard,difficult,8.77,1.19,52,0.7188723683357239,67
52,inspect,examine,8.75,1.39,53,0.6109055876731873,597
53,fast,rapid,8.75,1.68,54,0.3934108316898346,193
54,attention,awareness,8.73,1.64,55,0.29772427678108215,11
55,anger,fury,8.73,1.89,56,0.8387734889984131,130
56,champion,winner,8.73,1.15,57,0.6531826853752136,120
57,locate,find,8.73,1.54,58,0.659771740436554,775
58,create,make,8.72,1.14,59,0.5722280740737915,264
59,inexpensive,cheap,8.72,0.81,60,0.7365633845329285,53
60,assignment,task,8.7,1.37,61,0.4128098785877228,557
61,delightful,wonderful,8.65,1.29,62,0.7255572080612183,480
62,motor,engine,8.65,1.47,63,0.4585399925708771,59
63,buddy,companion,8.65,1.64,64,0.5359069108963013,325
64,alcohol,gin,8.65,1.17,65,0.3689318299293518,642
65,wonderful,terrific,8.63,1.63,66,0.7655467391014099,38
66,acquire,obtain,8.57,1.96,67,0.6192570924758911,858
67,achieve,accomplish,8.57,0.94,68,0.8045607209205627,19
68,bubble,suds,8.57,1.59,69,0.23854389786720276,183
69,crib,cradle,8.55,1.15,70,0.2770662009716034,801
70,style,fashion,8.5,0.87,71,0.5202531218528748,360
71,noticeable,obvious,8.48,1.69,72,0.5203293561935425,76
72,aggression,hostility,8.48,0.44,73,0.589347243309021,220
73,explore,discover,8.48,1.33,74,0.5947813391685486,232
74,create,build,8.48,1.14,75,0.7072793841362,359
75,pretend,imagine,8.47,1.63,76,0.5235452651977539,150
76,apparent,obvious,8.47,1.52,77,0.6397340893745422,348
77,certain,sure,8.42,1.29,78,0.3812297582626343,317
78,sheep,lamb,8.42,1.51,79,0.5410519242286682,463
79,bad,awful,8.42,1.74,80,0.4675052762031555,620
80,horse,mare,8.33,0.73,81,0.5618084669113159,135
81,clarify,explain,8.33,1.74,82,0.7073503136634827,446
82,couple,pair,8.33,1.5,83,0.6941223740577698,87
83,purse,bag,8.33,1.39,84,0.47588399052619934,75
84,beach,seashore,8.33,0.47,85,0.6470919251441956,312
85,make,construct,8.33,0.85,86,0.46731147170066833,282
86,area,zone,8.33,0.89,87,0.5427597165107727,465
87,arrange,organize,8.27,1.1,88,0.6294659376144409,30
88,orthodontist,dentist,8.27,1.47,89,0.5264157652854919,179
89,confident,sure,8.27,1.21,90,0.5069088339805603,382
90,keep,possess,8.27,0.8,91,0.27877095341682434,798
91,expand,grow,8.27,1.28,92,0.6209336519241333,341
92,sea,ocean,8.27,1.3,93,0.7847479581832886,167
93,think,rationalize,8.25,1.13,94,0.3548183739185333,78
94,dreary,dull,8.25,1.85,95,0.703002393245697,675
95,begin,originate,8.2,0.75,96,0.25471052527427673,836
96,aviation,flight,8.18,1.83,97,0.31126129627227783,530
97,proclaim,announce,8.18,1.58,98,0.4297366440296173,749
98,harsh,cruel,8.18,1.66,99,0.5184807181358337,362
99,appoint,elect,8.17,1.51,100,0.6800587773323059,369
100,motel,inn,8.17,0.39,101,0.5154462456703186,60
101,listen,hear,8.17,1.72,102,0.7253986597061157,101
102,belly,abdomen,8.13,1.53,103,0.5418263077735901,315
103,mood,emotion,8.12,1.64,104,0.4456842243671417,503
104,join,add,8.1,0.88,105,0.4720728099346161,785
105,plane,jet,8.1,1.24,106,0.790084719657898,17
106,investigate,examine,8.1,1.31,107,0.8097302317619324,269
107,advise,recommend,8.1,1.6,108,0.7228406071662903,455
108,come,attend,8.1,1.6,109,0.2920239567756653,27
109,racket,noise,8.1,1.49,110,0.28756317496299744,791
110,compare,analyze,8.1,0.84,111,0.5702458024024963,63
111,exotic,rare,8.05,0.93,112,0.30213531851768494,768
112,log,timber,8.05,1.12,113,0.16928401589393616,47
113,wonderful,great,8.05,1.05,114,0.7429883480072021,908
114,hard,tough,8.05,1.18,115,0.6437680125236511,145
115,analyze,evaluate,8.03,0.49,116,0.7988237738609314,22
116,communication,conversation,8.02,0.88,117,0.37920886278152466,277
117,reduce,shrink,8.02,1.82,118,0.6025664806365967,202
118,author,creator,8.02,1.5,119,0.5651030540466309,368
119,formal,proper,8.02,1.31,120,0.5158454179763794,625
120,formula,equation,7.95,0.56,121,0.39012792706489563,606
121,anarchy,chaos,7.93,1.35,122,0.7097529172897339,714
122,cancer,sickness,7.93,1.57,123,0.33209556341171265,274
123,bottle,container,7.93,1.38,124,0.56705242395401,71
124,win,succeed,7.9,1.83,125,0.500082790851593,399
125,money,salary,7.88,1.11,126,0.27268144488334656,812
126,circumstance,situation,7.85,1.31,127,0.40095627307891846,759
127,bird,hawk,7.85,0.91,128,0.3065711259841919,614
128,mob,crowd,7.85,1.2,129,0.4381926655769348,582
129,wine,liquor,7.85,0.78,130,0.566663920879364,276
130,win,accomplish,7.85,0.8,131,0.38609862327575684,515
131,beast,animal,7.83,1.64,132,0.4354759156703949,519
132,jar,bottle,7.83,1.44,133,0.7089364528656006,72
133,evening,dusk,7.78,1.32,134,0.42023730278015137,134
134,elastic,flexible,7.78,1.09,135,0.40400001406669617,545
135,rat,mouse,7.78,0.93,136,0.5542985200881958,578
136,bad,terrible,7.78,1.43,137,0.6492322683334351,294
137,conclude,decide,7.75,1.17,138,0.49705299735069275,407
138,attach,join,7.75,0.94,139,0.32399213314056396,731
139,emotion,passion,7.72,1.3,140,0.4984266459941864,404
140,cottage,cabin,7.72,1.47,141,0.33786800503730774,706
141,celebration,ceremony,7.72,0.61,142,0.591949999332428,228
142,participate,join,7.7,1.69,143,0.6652650237083435,488
143,wagon,carriage,7.7,1.84,144,0.5344871878623962,327
144,belief,opinion,7.7,1.24,145,0.4528253972530365,115
145,sense,intuition,7.68,1.24,146,0.4216896593570709,542
146,population,people,7.68,0.8,147,0.4616583287715912,477
147,satisfy,please,7.67,1.74,148,0.08572490513324738,962
148,fever,illness,7.65,1.54,149,0.40800777077674866,565
149,know,comprehend,7.63,1.39,150,0.5169634222984314,504
150,polite,proper,7.63,1.42,151,0.2478432059288025,212
151,leave,go,7.63,1.49,152,0.597809910774231,366
152,charcoal,coal,7.63,1.43,153,0.4449249505996704,845
153,agony,grief,7.63,1.94,154,0.6492504477500916,133
154,way,manner,7.62,0.44,155,0.46984097361564636,313
155,rabbi,minister,7.62,1.35,156,0.31674057245254517,457
156,choose,elect,7.62,1.14,157,0.5424110889434814,688
157,wire,cord,7.62,1.35,158,0.3478926718235016,292
158,make,earn,7.62,1.92,159,0.5550287365913391,743
159,bad,immoral,7.62,0.98,160,0.32689425349235535,610
160,capability,competence,7.62,0.84,161,0.387635201215744,721
161,roof,ceiling,7.58,0.77,162,0.6377414464950562,154
162,book,literature,7.53,0.45,163,0.4307427704334259,419
163,ballad,song,7.53,0.84,164,0.7370054721832275,529
164,crime,theft,7.53,1.32,165,0.48795223236083984,73
165,supper,meal,7.53,0.47,166,0.7077953815460205,52
166,achieve,succeed,7.5,1.29,167,0.5506545305252075,199
167,beer,alcohol,7.5,1.07,168,0.4879276752471924,299
168,boy,kid,7.5,1.44,169,0.688647449016571,507
169,tobacco,cigarette,7.5,1.49,170,0.608223021030426,90
170,competence,ability,7.5,0.6,171,0.44380462169647217,420
171,wisdom,intelligence,7.47,1.33,172,0.3304685056209564,716
172,steak,meat,7.47,1.34,173,0.5732802152633667,617
173,realize,discover,7.47,0.59,174,0.6295756101608276,166
174,linen,fabric,7.47,1.26,175,0.5786427855491638,34
175,communication,language,7.47,1.09,176,0.38252678513526917,250
176,understand,know,7.47,1.26,177,0.7736186385154724,263
177,crowd,bunch,7.42,1.37,178,0.32215988636016846,190
178,begin,go,7.42,1.24,179,0.5185084939002991,577
179,alcohol,wine,7.42,1.53,180,0.4047190546989441,361
180,car,cab,7.42,1.15,181,0.6134747862815857,735
181,politician,president,7.38,1.05,182,0.40621402859687805,572
182,necessary,important,7.37,1.36,183,0.4580777585506439,481
183,lose,fail,7.33,1.79,184,0.4784936308860779,442
184,cloud,haze,7.32,1.68,185,0.5916661024093628,229
185,mud,dirt,7.32,0.48,186,0.7148671746253967,69
186,river,stream,7.3,0.81,187,0.36448925733566284,536
187,proof,fact,7.3,1.7,188,0.37536221742630005,652
188,behave,obey,7.3,1.24,189,0.42404904961586,869
189,bed,crib,7.3,1.56,190,0.5608701705932617,661
190,gather,meet,7.3,0.59,191,0.4819914400577545,284
191,god,spirit,7.3,1.63,192,0.3593716025352478,631
192,wood,log,7.3,0.87,193,0.22723586857318878,431
193,reflection,image,7.27,1.06,194,0.29287829995155334,783
194,dumb,dense,7.27,0.43,195,0.20290136337280273,497
195,alcohol,whiskey,7.27,1.19,196,0.44821664690971375,740
196,leader,manager,7.27,1.43,197,0.3185502588748932,889
197,administration,management,7.25,1.67,198,0.17560350894927979,205
198,sly,clever,7.25,1.41,199,0.6016431450843811,906
199,metal,aluminum,7.25,1.76,200,0.7196749448776245,65
200,attention,interest,7.22,1.21,201,0.34766530990600586,192
201,despair,misery,7.22,1.06,202,0.6109631657600403,178
202,give,lend,7.22,0.93,203,0.621826708316803,890
203,battle,conquest,7.22,0.89,204,0.20165544748306274,689
204,take,possess,7.2,1.14,205,0.28669121861457825,792
205,sweater,jacket,7.15,1.13,206,0.7983273267745972,733
206,meal,dinner,7.15,2.0,207,0.6716679930686951,275
207,investigate,pursue,7.15,0.56,208,0.54839688539505,306
208,activity,movement,7.15,1.1,209,0.3229956030845642,41
209,disease,infection,7.15,1.08,210,0.7539761662483215,23
210,fee,payment,7.15,1.56,211,0.5670318007469177,108
211,crime,violation,7.12,0.87,212,0.26075389981269836,826
212,actress,actor,7.12,1.3,213,0.8414387106895447,9
213,take,obtain,7.1,1.01,214,0.39664632081985474,594
214,mouth,lip,7.1,1.4,215,0.4473443627357483,500
215,steeple,chapel,7.08,1.03,216,0.6098819971084595,195
216,band,orchestra,7.08,1.36,217,0.6029659509658813,201
217,strength,might,7.07,0.8,218,0.04658102989196777,984
218,value,belief,7.07,0.95,219,0.23954015970230103,621
219,father,parent,7.07,1.06,220,0.3806210458278656,855
220,horse,colt,7.07,0.84,221,0.6328839659690857,162
221,right,justice,7.05,1.52,222,0.21310880780220032,966
222,archbishop,bishop,7.05,1.59,223,0.7754817008972168,392
223,arrive,come,7.05,1.56,224,0.5026015043258667,883
224,recent,new,7.05,1.05,225,0.08151642233133316,33
225,cattle,beef,7.03,1.53,226,0.401712566614151,581
226,pretend,portray,7.03,1.64,227,0.4007028341293335,583
227,bird,hen,7.03,1.43,228,0.46611258387565613,468
228,business,industry,7.02,1.1,229,0.5963037610054016,217
229,alcohol,brandy,6.98,0.57,230,0.3749869167804718,335
230,violent,angry,6.98,1.55,231,0.325838565826416,725
231,music,melody,6.98,1.36,232,0.5291960835456848,633
232,monster,demon,6.95,1.5,233,0.6832246780395508,475
233,flower,violet,6.95,1.72,234,0.46186596155166626,94
234,illness,infection,6.9,1.28,235,0.6828810572624207,863
235,adult,guardian,6.9,1.19,236,0.23656131327152252,97
236,limb,leg,6.9,1.23,237,0.4777684807777405,444
237,vision,perception,6.88,1.31,238,0.39094287157058716,111
238,accept,acknowledge,6.88,1.63,239,0.6695774793624878,604
239,ignore,avoid,6.87,1.22,240,0.4874698221683502,421
240,mink,fur,6.83,0.39,241,0.724228024482727,61
241,new,fresh,6.83,1.2,242,0.5323349237442017,330
242,ray,sunshine,6.83,1.55,243,0.311193585395813,750
243,cat,lion,6.75,0.84,244,0.5208025574684143,270
244,imitate,portray,6.75,1.13,245,0.5700663328170776,114
245,aisle,hallway,6.75,1.36,246,0.5165159106254578,356
246,idea,scheme,6.75,1.47,247,0.29177969694137573,787
247,accept,believe,6.75,1.61,248,0.5127546191215515,821
248,appointment,engagement,6.75,1.59,249,0.26398617029190063,367
249,boy,son,6.75,0.88,250,0.6661680936813354,370
250,canyon,valley,6.75,1.39,251,0.7280573844909668,58
251,alcohol,cocktail,6.73,1.2,252,0.3108123242855072,753
252,big,broad,6.73,1.68,253,0.3265310525894165,723
253,sofa,chair,6.67,1.56,254,0.44862207770347595,692
254,dumb,foolish,6.67,1.36,255,0.6545862555503845,288
255,world,globe,6.67,0.67,256,0.7201682329177856,708
256,collect,save,6.67,0.44,257,0.54374098777771,311
257,chair,bench,6.67,1.22,258,0.33692070841789246,314
258,cloud,mist,6.67,1.43,259,0.5573687553405762,328
259,discuss,explain,6.67,1.53,260,0.5342833995819092,496
260,money,capital,6.67,0.97,261,0.3451795279979706,128
261,boy,brother,6.67,1.58,262,0.5423049330711365,64
262,endurance,strength,6.58,0.59,263,0.3666037917137146,391
263,composer,writer,6.58,0.8,264,0.6163243055343628,300
264,bird,turkey,6.58,1.6,265,0.44789156317710876,186
265,delightful,cheerful,6.58,1.56,266,0.5505252480506897,365
266,violin,instrument,6.58,1.39,267,0.5026268362998962,498
267,save,protect,6.58,0.44,268,0.5249778628349304,344
268,situation,condition,6.58,1.41,269,0.517216682434082,647
269,cabin,hut,6.53,1.37,270,0.4108274281024933,562
270,frustration,anger,6.5,0.39,271,0.7812935709953308,722
271,marijuana,herb,6.5,0.59,272,0.3377794921398163,870
272,mother,guardian,6.5,1.13,273,0.3267328143119812,45
273,beautiful,wonderful,6.5,0.85,274,0.7499191164970398,707
274,intelligence,logic,6.5,1.2,275,0.22722169756889343,31
275,vehicle,bus,6.47,1.38,276,0.5121538043022156,535
276,shelter,hut,6.47,1.59,277,0.42478761076927185,375
277,ask,plead,6.47,1.62,278,0.43223512172698975,526
278,water,ice,6.47,1.66,279,0.4726335108280182,451
279,molecule,atom,6.45,1.56,280,0.503122866153717,390
280,cooperate,participate,6.43,1.5,281,0.5643919706344604,279
281,navy,army,6.43,0.53,282,0.6503288745880127,131
282,tin,aluminum,6.42,1.3,283,0.5211658477783203,354
283,storm,hurricane,6.38,0.9,284,0.7682936787605286,501
284,guilty,ashamed,6.38,0.47,285,0.22785231471061707,265
285,withdraw,reject,6.38,1.97,286,0.5719377398490906,36
286,acquire,find,6.38,1.74,287,0.4460611939430237,868
287,book,text,6.35,1.43,288,0.3750898241996765,632
288,aisle,hall,6.35,0.96,289,0.2852531671524048,793
289,size,magnitude,6.33,0.59,290,0.35814473032951355,203
290,hysteria,confusion,6.33,0.44,291,0.6022781729698181,667
291,mouth,tooth,6.3,1.39,292,0.39734402298927307,591
292,sandwich,lunch,6.3,1.53,293,0.5004556775093079,398
293,appear,attend,6.28,1.47,294,0.36689892411231995,129
294,priest,monk,6.28,0.61,295,0.6536893844604492,489
295,whiskey,gin,6.28,1.14,296,0.6735754013061523,106
296,driver,pilot,6.28,1.52,297,0.4527040421962738,646
297,glass,crystal,6.27,1.48,298,0.4732680916786194,260
298,winter,season,6.27,1.76,299,0.5737765431404114,450
299,overcome,dominate,6.25,1.58,300,0.3340718746185303,710
300,dictionary,definition,6.25,1.06,301,0.3395386338233948,704
301,argue,persuade,6.23,1.7,302,0.4235248565673828,540
302,article,journal,6.18,1.45,303,0.39770257472991943,670
303,big,heavy,6.18,1.54,304,0.35774171352386475,590
304,take,steal,6.18,1.69,305,0.4200255870819092,546
305,kidney,organ,6.17,0.95,306,0.5742594599723816,876
306,noise,rattle,6.17,1.33,307,0.21874180436134338,412
307,greet,meet,6.17,1.73,308,0.4904354214668274,258
308,organ,liver,6.15,1.12,309,0.5371779203414917,321
309,hen,turkey,6.13,1.6,310,0.5060946345329285,384
310,depth,magnitude,6.12,1.64,311,0.4448067545890808,505
311,rhythm,melody,6.12,1.27,312,0.6349561214447021,158
312,bed,furniture,6.08,0.84,313,0.32777413725852966,718
313,attend,arrive,6.08,1.18,314,0.4958026111125946,408
314,flu,fever,6.08,1.58,315,0.46684661507606506,466
315,wealth,prestige,6.07,1.55,316,0.46818530559539795,194
316,insect,bee,6.07,1.34,317,0.6106262803077698,460
317,code,symbol,6.03,1.67,318,0.17656809091567993,905
318,happiness,peace,6.03,1.35,319,0.3251184821128845,127
319,pipe,cigar,6.03,1.01,320,0.3978959023952484,144
320,oak,maple,6.03,0.39,321,0.6442041993141174,589
321,impatient,anxious,6.03,1.22,322,0.654826283454895,726
322,beg,ask,6.0,1.58,323,0.5372191667556763,319
323,cloud,fog,6.0,1.04,324,0.5375952124595642,320
324,sunset,evening,5.98,1.35,325,0.45209625363349915,490
325,rain,mist,5.97,1.83,326,0.5291574597358704,146
326,lover,companion,5.97,0.8,327,0.643153190612793,336
327,unhappy,mad,5.95,1.36,328,0.30341604351997375,172
328,belief,impression,5.95,0.72,329,0.45582136511802673,879
329,army,legion,5.95,1.29,330,0.21706318855285645,767
330,cat,pet,5.95,1.41,331,0.6245322823524475,486
331,prince,king,5.92,1.05,332,0.6673851609230042,112
332,enjoy,entertain,5.92,1.27,333,0.549106240272522,303
333,hard,dense,5.9,1.0,334,0.26656752824783325,687
334,kill,destroy,5.9,1.93,335,0.683070182800293,438
335,friendly,generous,5.9,0.6,336,0.3989498019218445,751
336,accident,catastrophe,5.9,1.63,337,0.3479897975921631,820
337,intelligence,insight,5.9,1.59,338,0.2553119957447052,835
338,laden,heavy,5.9,1.28,339,0.3111128509044647,95
339,stomach,waist,5.9,1.49,340,0.4796085059642792,585
340,moon,planet,5.87,1.57,341,0.6450958847999573,142
341,clothes,fabric,5.87,1.66,342,0.45406776666641235,487
342,guy,stud,5.83,1.7,343,0.30600661039352417,778
343,goal,quest,5.83,1.31,344,0.29729223251342773,760
344,house,apartment,5.8,1.4,345,0.7306200265884399,56
345,determine,predict,5.8,1.37,346,0.6260223984718323,155
346,comfort,safety,5.8,1.21,347,0.23768752813339233,861
347,meat,bacon,5.8,1.5,348,0.6205679774284363,712
348,deserve,earn,5.8,0.62,349,0.3325643837451935,170
349,carry,bring,5.8,1.24,350,0.6361641883850098,196
350,death,tragedy,5.8,1.13,351,0.3588922619819641,663
351,disappear,shrink,5.8,1.0,352,0.6097261309623718,181
352,remain,retain,5.75,1.12,353,0.5942496061325073,125
353,child,boy,5.75,1.82,354,0.6552616953849792,222
354,replace,restore,5.73,1.08,355,0.5025067925453186,394
355,river,sea,5.72,0.39,356,0.6458713412284851,85
356,elegance,style,5.72,1.76,357,0.697371244430542,138
357,woman,wife,5.72,1.35,358,0.4799189567565918,437
358,opinion,idea,5.7,1.29,359,0.3418077230453491,699
359,president,mayor,5.68,1.4,360,0.5733438730239868,730
360,win,dominate,5.68,1.74,361,0.32407018542289734,584
361,gun,cannon,5.68,1.56,362,0.39931100606918335,262
362,crime,fraud,5.65,1.18,363,0.4357987940311432,518
363,newspaper,information,5.65,1.31,364,0.035150595009326935,986
364,book,story,5.63,0.78,365,0.5249180197715759,152
365,tin,metal,5.63,1.15,366,0.6018388867378235,204
366,polyester,cotton,5.63,1.53,367,0.6384933590888977,345
367,meter,yard,5.6,1.32,368,0.35809311270713806,958
368,beach,island,5.6,0.39,369,0.5556474328041077,107
369,communication,television,5.6,1.27,370,0.08683855086565018,290
370,cloud,storm,5.6,1.47,371,0.349636971950531,684
371,cab,bus,5.6,1.64,372,0.6735695600509644,570
372,bias,opinion,5.6,1.16,373,0.4069434404373169,668
373,helper,maid,5.58,0.44,374,0.5413826704025269,494
374,doctor,orthodontist,5.58,1.25,375,0.40834298729896545,316
375,machine,engine,5.58,1.95,376,0.44975361227989197,564
376,floor,deck,5.55,1.06,377,0.5996896028518677,210
377,vitamin,iron,5.55,1.14,378,0.14989407360553741,921
378,august,month,5.53,1.54,379,-0.04146259278059006,995
379,tree,maple,5.53,1.19,380,0.49974456429481506,403
380,know,believe,5.5,1.18,381,0.6830461621284485,7
381,uncle,aunt,5.5,1.63,382,0.8428352475166321,96
382,childish,foolish,5.5,1.45,383,0.5877034664154053,239
383,exit,doorway,5.5,1.73,384,0.1440572440624237,925
384,phrase,word,5.48,1.73,385,0.7710650563240051,569
385,snow,weather,5.48,1.36,386,0.5851944088935852,502
386,discussion,argument,5.48,1.43,387,0.4458733797073364,35
387,absorb,learn,5.48,1.16,388,0.4070880711078644,385
388,street,alley,5.48,1.62,389,0.5058072209358215,241
389,clothes,cloth,5.47,1.43,390,0.5523584485054016,623
390,day,dawn,5.47,1.45,391,0.38015469908714294,297
391,action,course,5.45,1.75,392,0.09084592014551163,952
392,opinion,choice,5.43,1.5,393,0.3640372157096863,653
393,engage,marry,5.43,1.12,394,0.36988013982772827,641
394,book,article,5.43,0.95,395,0.522575318813324,349
395,beer,beverage,5.42,1.34,396,0.6209313273429871,180
396,keep,protect,5.4,1.26,397,0.5741893649101257,259
397,door,doorway,5.4,1.86,398,0.6179155111312866,185
398,era,decade,5.4,1.02,399,0.4329134523868561,524
399,sad,terrible,5.4,0.44,400,0.6236739158630371,173
400,girl,child,5.38,1.21,401,0.6554203033447266,522
401,paper,cardboard,5.38,1.22,402,0.4348268210887909,124
402,pain,harm,5.38,0.95,403,0.29528069496154785,780
403,parent,adult,5.37,1.6,404,0.3043045401573181,762
404,worker,employer,5.37,1.4,405,0.3019907474517822,769
405,clothes,coat,5.35,1.37,406,0.5889215469360352,878
406,intelligence,skill,5.35,1.29,407,0.21795248985290527,343
407,join,marry,5.35,1.41,408,0.5252044796943665,234
408,anatomy,biology,5.33,1.37,409,0.6360465288162231,156
409,whiskey,champagne,5.33,1.29,410,0.630746603012085,164
410,man,husband,5.32,1.71,411,0.39878222346305847,174
411,neck,spine,5.32,1.16,412,0.623323917388916,586
412,acknowledge,notify,5.3,0.62,413,0.5019468069076538,397
413,strength,capability,5.28,1.33,414,0.46103253960609436,478
414,door,gate,5.25,1.47,415,0.6650826334953308,116
415,take,carry,5.23,0.44,416,0.5905762910842896,458
416,plate,bowl,5.23,1.46,417,0.46951809525489807,231
417,club,society,5.23,1.59,418,0.17978297173976898,903
418,rail,fence,5.22,1.17,419,0.262148380279541,822
419,gossip,news,5.22,1.21,420,0.394135445356369,596
420,cooperate,join,5.18,0.36,421,0.5032631158828735,389
421,clothes,jacket,5.15,0.74,422,0.4972580075263977,253
422,give,allow,5.15,1.32,423,0.5761587619781494,139
423,bible,hymn,5.15,1.08,424,0.36581385135650635,406
424,vessel,vein,5.15,1.55,425,0.19432392716407776,727
425,wine,brandy,5.15,1.67,426,0.6457532644271851,897
426,argue,differ,5.15,1.22,427,0.32510775327682495,649
427,bean,coffee,5.15,1.52,428,0.5463812947273254,308
428,sugar,honey,5.13,1.07,429,0.5549604296684265,285
429,cup,jar,5.13,1.17,430,0.560854971408844,372
430,car,carriage,5.13,1.2,431,0.5124933123588562,717
431,think,decide,5.13,1.4,432,0.32985708117485046,293
432,create,imagine,5.13,1.7,433,0.36796632409095764,645
433,get,buy,5.08,1.02,434,0.5840675830841064,695
434,argument,criticism,5.08,1.07,435,0.33835506439208984,401
435,meter,inch,5.08,1.19,436,0.5119002461433411,864
436,take,receive,5.08,0.48,437,0.4999386668205261,376
437,birthday,date,5.08,1.2,438,0.23641511797904968,665
438,army,squad,5.08,1.61,439,0.3422892093658447,243
439,belief,concept,5.08,1.44,440,0.35857078433036804,705
440,afraid,anxious,5.07,1.28,441,0.5504357814788818,301
441,nice,generous,5.0,1.14,442,0.3945735692977905,289
442,book,bible,5.0,1.43,443,0.456889271736145,819
443,story,topic,5.0,1.7,444,0.3887937068939209,443
444,joy,pride,5.0,0.9,445,0.5573320984840393,911
445,absorb,possess,5.0,1.15,446,0.3605113923549652,595
446,muscle,tongue,5.0,1.65,447,0.2682887017726898,659
447,grass,moss,5.0,1.27,448,0.6154941916465759,188
448,please,entertain,5.0,0.71,449,0.16578352451324463,435
449,book,information,5.0,1.13,450,0.14836180210113525,207
450,baby,daughter,5.0,1.29,451,0.6010106801986694,922
451,captain,sailor,5.0,1.43,452,0.4800785183906555,608
452,argue,justify,5.0,1.13,453,0.47777891159057617,482
453,accident,emergency,4.93,0.49,454,0.2506345808506012,459
454,listen,obey,4.93,1.33,455,0.4815164804458618,833
455,calf,bull,4.93,1.67,456,0.2683055102825165,842
456,gut,nerve,4.93,1.65,457,0.4682624340057373,432
457,death,burial,4.93,1.88,458,0.2559720575809479,818
458,kill,choke,4.92,1.48,459,0.48146405816078186,198
459,basketball,baseball,4.92,0.93,460,0.6203978657722473,182
460,worker,mechanic,4.92,1.2,461,0.5800002217292786,268
461,science,psychology,4.92,1.91,462,0.6086922883987427,433
462,add,build,4.92,1.1,463,0.5880476832389832,237
463,lake,swamp,4.92,1.6,464,0.5706515908241272,248
464,say,verify,4.9,0.65,465,0.3780999183654785,626
465,cloud,weather,4.87,0.94,466,0.3006093502044678,491
466,day,morning,4.87,1.95,467,0.590988278388977,772
467,understand,forgive,4.87,1.32,468,0.4520131051540375,230
468,game,action,4.85,1.12,469,0.1923341155052185,246
469,arm,shoulder,4.85,1.81,470,0.5122774243354797,847
470,assume,predict,4.85,1.02,471,0.5804661512374878,374
471,cherish,keep,4.85,1.78,472,0.24673305451869965,747
472,chief,mayor,4.85,1.25,473,0.31473594903945923,898
473,man,father,4.83,1.62,474,0.5178164839744568,163
474,argue,prove,4.83,0.62,475,0.6318939328193665,363
475,discover,originate,4.83,1.33,476,0.1835532933473587,901
476,complain,argue,4.8,0.9,477,0.6668779850006104,479
477,gather,attend,4.8,1.97,478,0.4606492519378662,353
478,snow,storm,4.8,0.88,479,0.5213244557380676,113
479,body,spine,4.78,1.22,480,0.43314045667648315,523
480,want,choose,4.78,1.56,481,0.4831826686859131,428
481,reject,avoid,4.78,1.36,482,0.31089189648628235,752
482,fact,insight,4.77,1.11,483,0.12353705614805222,355
483,sheep,cattle,4.77,0.47,484,0.7158714532852173,68
484,become,appear,4.77,1.51,485,0.30382677912712097,831
485,make,become,4.77,0.82,486,0.4740816056728363,933
486,think,inquire,4.77,1.23,487,0.25818413496017456,756
487,sorrow,shame,4.77,1.52,488,0.5210512280464172,765
488,word,literature,4.77,0.59,489,0.3084059953689575,448
489,book,essay,4.72,1.3,490,0.6568390130996704,122
490,man,warrior,4.72,1.03,491,0.42381370067596436,537
491,journey,conquest,4.72,1.12,492,0.33168402314186096,715
492,read,comprehend,4.7,1.75,493,0.36517202854156494,650
493,beach,sea,4.68,1.08,494,0.47592687606811523,332
494,wall,brick,4.68,1.16,495,0.584616482257843,561
495,toe,finger,4.68,0.55,496,0.4894854724407196,357
496,sky,universe,4.68,1.39,497,0.4120418131351471,242
497,understand,listen,4.68,1.66,498,0.5206915140151978,414
498,pretend,seem,4.68,1.63,499,0.5315585732460022,445
499,speak,acknowledge,4.67,1.47,500,0.4649858772754669,470
500,doctor,professor,4.65,1.19,501,0.24473384022712708,850
501,cousin,uncle,4.63,1.84,502,0.7681676745414734,37
502,second,minute,4.62,1.15,503,0.23180624842643738,865
503,room,cell,4.58,1.28,504,0.2838194668292999,795
504,grass,blade,4.57,1.53,505,0.45604532957077026,485
505,actor,singer,4.52,1.26,506,0.6915962100028992,118
506,cheek,tongue,4.52,0.47,507,0.6616338491439819,89
507,god,priest,4.5,1.2,508,0.3579520881175995,669
508,flower,bulb,4.48,1.27,509,0.42365700006484985,538
509,kill,hang,4.45,1.43,510,0.4074403643608093,980
510,body,chest,4.45,1.45,511,0.397323876619339,105
511,effort,difficulty,4.45,1.22,512,0.057284485548734665,592
512,beer,champagne,4.45,1.2,513,0.6748137474060059,568
513,date,calendar,4.42,1.5,514,0.3548249304294586,674
514,leave,ignore,4.42,1.33,515,0.43982112407684326,514
515,achieve,try,4.42,1.14,516,0.21692028641700745,680
516,school,grade,4.42,1.32,517,0.3522355258464813,880
517,breakfast,supper,4.4,1.47,518,0.6977074146270752,84
518,breakfast,bacon,4.37,1.46,519,0.5023947358131409,539
519,take,deliver,4.37,1.16,520,0.5043665170669556,387
520,teacher,rabbi,4.37,1.12,521,0.42363691329956055,395
521,attitude,confidence,4.35,1.22,522,0.333488792181015,711
522,house,barn,4.33,1.6,523,0.6231075525283813,175
523,lens,camera,4.28,1.89,524,0.5359227061271667,429
524,blood,flesh,4.28,1.74,525,0.3406871557235718,364
525,illegal,immoral,4.28,1.57,526,0.5174985527992249,141
526,teacher,helper,4.28,1.65,527,0.406654953956604,324
527,boat,deck,4.28,1.39,528,0.4831157922744751,703
528,hill,cliff,4.28,1.26,529,0.6453709006309509,571
529,pollution,atmosphere,4.25,0.98,530,0.2994127571582794,732
530,flower,bush,4.25,1.66,531,0.32269471883773804,734
531,friend,guest,4.25,1.41,532,0.3232336938381195,774
532,do,happen,4.23,1.02,533,0.5516440272331238,298
533,father,brother,4.2,1.28,534,0.7951301336288452,977
534,argue,rationalize,4.2,1.21,535,0.4060916304588318,24
535,bad,guilty,4.2,1.47,536,0.059188373386859894,573
536,camp,cabin,4.2,1.2,537,0.2261999398469925,871
537,bone,teeth,4.17,1.92,538,0.5529307126998901,509
538,hand,foot,4.17,1.41,539,0.47912144660949707,211
539,learn,evaluate,4.17,0.88,540,0.4325338900089264,296
540,daughter,kid,4.17,1.24,541,0.48871269822120667,525
541,bone,jaw,4.17,0.44,542,0.5989498496055603,417
542,bone,knee,4.17,1.64,543,0.44165563583374023,441
543,college,class,4.13,1.16,544,0.38955214619636536,885
544,agree,please,4.13,1.7,545,0.07486613094806671,607
545,death,catastrophe,4.13,1.46,546,0.21038924157619476,415
546,man,child,4.13,1.34,547,0.4893404245376587,970
547,explain,prove,4.1,1.29,548,0.5963072776794434,761
548,easy,flexible,4.1,1.08,549,0.30567479133605957,618
549,anger,mood,4.1,1.87,550,0.3821609914302826,216
550,verify,justify,4.08,1.11,551,0.5037383437156677,388
551,arm,body,4.05,0.51,552,0.44974780082702637,261
552,apple,lemon,4.05,1.58,553,0.6010688543319702,495
553,milk,juice,4.05,1.46,554,0.5735023617744446,206
554,wealth,fame,4.02,1.1,555,0.2949373722076416,781
555,accomplish,become,4.0,0.85,556,0.3639200031757355,236
556,go,enter,4.0,1.43,557,0.5884221792221069,26
557,letter,paragraph,4.0,1.12,558,0.38194775581359863,619
558,weekend,week,4.0,1.57,559,0.7906507849693298,654
559,succeed,try,3.98,1.35,560,0.32446083426475525,729
560,bold,proud,3.97,1.36,561,0.16878943145275116,909
561,song,story,3.97,1.27,562,0.4905131757259369,449
562,hand,wrist,3.97,1.32,563,0.4667486846446991,411
563,logic,arithmetic,3.97,1.81,564,0.4735030233860016,467
564,job,management,3.97,1.33,565,0.13496270775794983,928
565,crowd,parade,3.93,1.05,566,0.42525744438171387,587
566,body,stomach,3.93,1.15,567,0.39877212047576904,533
567,forgive,forget,3.92,1.5,568,0.5836296081542969,427
568,band,parade,3.92,1.74,569,0.3034503161907196,244
569,man,uncle,3.92,1.36,570,0.48318687081336975,766
570,friend,guy,3.88,1.49,571,0.492813378572464,309
571,nerve,brain,3.88,1.74,572,0.5459380149841309,240
572,deliver,carry,3.88,1.44,573,0.586823582649231,410
573,learn,listen,3.88,1.65,574,0.5459396243095398,310
574,hand,thumb,3.88,0.44,575,0.48664307594299316,423
575,arm,bone,3.83,1.94,576,0.3276585042476654,719
576,son,father,3.82,1.75,577,0.8419551253318787,8
577,brow,eye,3.82,1.41,578,0.4562910497188568,484
578,say,participate,3.82,1.3,579,0.2975158989429474,516
579,bone,ankle,3.82,0.69,580,0.43809789419174194,776
580,box,booth,3.8,1.38,581,0.39289313554763794,598
581,guitar,drum,3.78,1.72,582,0.4248541593551636,461
582,bone,elbow,3.78,1.58,583,0.4676920175552368,534
583,yard,inch,3.78,1.4,584,0.3665139079093933,648
584,beach,reef,3.77,1.85,585,0.5367891788482666,322
585,go,send,3.75,0.77,586,0.6140633821487427,393
586,cereal,wheat,3.75,1.72,587,0.5025850534439087,189
587,mountain,ledge,3.73,1.21,588,0.48879870772361755,779
588,accept,forgive,3.73,1.75,589,0.5539533495903015,295
589,chicken,steak,3.73,1.39,590,0.719282329082489,126
590,door,corridor,3.73,1.11,591,0.29644206166267395,66
591,nose,mouth,3.73,1.5,592,0.6552538871765137,416
592,fee,salary,3.72,1.26,593,0.4999803900718689,627
593,ask,pray,3.72,1.63,594,0.4675605893135071,549
594,dinner,soup,3.72,1.89,595,0.4186933934688568,318
595,assume,pretend,3.72,1.15,596,0.5383884906768799,462
596,arm,muscle,3.72,0.83,597,0.37778306007385254,400
597,word,dictionary,3.68,1.56,598,0.41522884368896484,553
598,plane,airport,3.65,1.07,599,0.5617188811302185,326
599,arm,vein,3.65,1.62,600,0.1965998262166977,245
600,gun,knife,3.65,1.03,601,0.6253648400306702,283
601,give,put,3.65,1.47,602,0.5353425145149231,991
602,muscle,bone,3.65,1.68,603,0.5836172103881836,892
603,employer,employee,3.65,0.95,604,0.5642762184143066,280
604,medium,news,3.65,1.3,605,0.01273114699870348,171
605,telephone,booth,3.63,1.1,606,0.2458476573228836,576
606,air,helium,3.63,1.59,607,0.40576550364494324,2
607,north,west,3.63,1.6,608,0.9225972294807434,848
608,menu,order,3.62,1.42,609,0.08828108757734299,748
609,go,allow,3.62,1.53,610,0.31261107325553894,955
610,father,god,3.57,1.31,611,0.35259804129600525,804
611,sick,crazy,3.57,0.95,612,0.3649633526802063,307
612,arm,wrist,3.57,1.33,613,0.546423077583313,896
613,guy,partner,3.57,1.24,614,0.19522938132286072,679
614,leave,wander,3.57,1.33,615,0.3608536720275879,658
615,long,narrow,3.57,1.62,616,0.27644848823547363,651
616,root,grass,3.55,1.35,617,0.22256501019001007,57
617,dad,mother,3.55,1.44,618,0.7282255291938782,635
618,idea,image,3.55,1.47,619,0.37380868196487427,838
619,nail,thumb,3.55,1.16,620,0.25267842411994934,927
620,communicate,pray,3.55,1.38,621,0.35332733392715454,873
621,eye,tear,3.55,1.48,622,0.13577762246131897,678
622,bed,chair,3.5,1.26,623,0.4138445556163788,556
623,decade,century,3.48,1.36,624,0.6841310262680054,6
624,seed,mustard,3.48,0.59,625,0.27493950724601746,93
625,brother,son,3.48,1.61,626,0.8499183058738708,808
626,car,bicycle,3.47,1.68,627,0.7077075242996216,74
627,money,diamond,3.42,1.37,628,0.15014173090457916,811
628,bed,couch,3.42,1.85,629,0.6117656826972961,720
629,lady,gentleman,3.42,1.08,630,0.4415743947029114,191
630,nail,hand,3.42,1.14,631,0.32740554213523865,857
631,shoulder,head,3.42,1.14,632,0.2730298638343811,920
632,game,fun,3.42,2.07,633,0.2390037328004837,510
633,car,highway,3.4,1.77,634,0.41739508509635925,121
634,bathroom,bedroom,3.4,1.73,635,0.752813994884491,636
635,blood,marrow,3.4,1.17,636,0.3725576400756836,550
636,bed,bedroom,3.4,1.25,637,0.6571800708770752,42
637,guy,girl,3.33,1.9,638,0.5366408824920654,169
638,bread,flour,3.33,1.25,639,0.7545716166496277,5
639,room,bath,3.33,0.49,640,0.47245922684669495,323
640,woman,man,3.33,1.42,641,0.8589165806770325,40
641,trial,verdict,3.33,1.18,642,0.4644937515258789,471
642,apartment,hotel,3.33,1.18,643,0.6286320090293884,575
643,window,door,3.33,1.6,644,0.6412153840065002,452
644,finger,palm,3.33,1.5,645,0.31059569120407104,49
645,curve,angle,3.33,1.51,646,0.4058932065963745,147
646,dinner,breakfast,3.33,1.72,647,0.73940509557724,736
647,fail,discourage,3.33,1.2,648,0.32109689712524414,754
648,bee,queen,3.27,1.2,649,0.2994329631328583,286
649,clothes,closet,3.27,1.29,650,0.43172770738601685,527
650,king,princess,3.27,1.7,651,0.5599055886268616,773
651,target,arrow,3.25,1.74,652,0.1783953458070755,904
652,man,sentry,3.25,1.22,653,0.2912217676639557,788
653,winner,goal,3.23,1.67,654,0.3722575604915619,638
654,disc,computer,3.2,0.44,655,0.3911471366882324,603
655,pursue,persuade,3.17,1.39,656,0.4160095155239105,100
656,cup,cone,3.17,1.13,657,0.2794724404811859,859
657,groom,bride,3.17,0.68,658,0.6801523566246033,797
658,chemistry,theory,3.17,1.4,659,0.3511870205402374,552
659,strong,proud,3.17,1.46,660,0.2381422221660614,682
660,elbow,ankle,3.13,1.48,661,0.8392555713653564,10
661,men,fraternity,3.13,1.11,662,0.16339369118213654,815
662,body,nerve,3.13,1.12,663,0.26976537704467773,912
663,confidence,self,3.12,1.24,664,0.1570122092962265,807
664,college,profession,3.12,1.41,665,0.27498680353164673,915
665,loop,belt,3.1,1.74,666,0.2612927258014679,235
666,bathroom,kitchen,3.1,1.22,667,0.7447459697723389,777
667,aunt,nephew,3.1,1.31,668,0.6757374405860901,103
668,tongue,throat,3.1,1.31,669,0.5887666940689087,825
669,atom,carbon,3.1,0.93,670,0.29734134674072266,46
670,forget,ignore,3.07,1.25,671,0.5774961113929749,252
671,molecule,air,3.05,1.84,672,0.11263365298509598,690
672,animal,person,3.05,1.38,673,0.3459915816783905,940
673,page,paragraph,3.03,1.37,674,0.3418750464916229,830
674,rod,curtain,3.03,0.39,675,0.258367657661438,697
675,horse,ox,3.02,1.18,676,0.43525177240371704,200
676,mother,wife,3.02,1.62,677,0.7847703099250793,600
677,clothes,drawer,3.02,1.49,678,0.37752673029899597,520
678,bed,blanket,3.02,1.48,679,0.3923019468784332,628
679,speak,hear,3.02,0.76,680,0.6066067218780518,29
680,put,hang,3.0,1.49,681,0.5124915242195129,866
681,danger,disease,3.0,0.44,682,0.23079843819141388,373
682,child,adult,2.98,1.48,683,0.49520784616470337,409
683,please,plead,2.98,1.18,684,0.02116510085761547,988
684,diet,salad,2.98,1.6,685,0.35864248871803284,664
685,bring,send,2.97,0.88,686,0.699654757976532,622
686,absorb,withdraw,2.97,1.75,687,0.3804459869861603,81
687,church,choir,2.95,1.43,688,0.5241266489028931,513
688,night,dawn,2.95,1.53,689,0.4400206506252289,347
689,cow,goat,2.93,0.59,690,0.6554224491119385,123
690,girl,maid,2.93,0.9,691,0.4835556447505951,425
691,word,page,2.92,0.99,692,0.2749235928058624,809
692,leg,arm,2.88,0.79,693,0.549586832523346,764
693,body,shoulder,2.88,1.47,694,0.3039518892765045,302
694,apple,juice,2.88,1.65,695,0.520504891872406,742
695,wood,paper,2.88,1.55,696,0.31679144501686096,358
696,join,acquire,2.85,0.99,697,0.44745513796806335,499
697,dinner,chicken,2.85,1.5,698,0.31531718373298645,745
698,bride,princess,2.8,0.92,699,0.5970785021781921,567
699,throat,nose,2.8,1.12,700,0.6399977803230286,214
700,bar,cage,2.8,0.51,701,0.40774840116500854,149
701,bee,ant,2.78,1.04,702,0.5782763361930847,251
702,winner,candidate,2.78,1.29,703,0.3873039186000824,611
703,accept,recommend,2.75,1.01,704,0.5241643190383911,346
704,car,factory,2.75,1.43,705,0.3595004379749298,660
705,arm,knee,2.75,0.59,706,0.4214768409729004,543
706,rice,bean,2.72,1.27,707,0.5786652565002441,249
707,liver,lung,2.7,1.38,708,0.750142514705658,469
708,multiply,add,2.7,1.8,709,0.46572986245155334,44
709,horn,drum,2.68,0.47,710,0.34877458214759827,686
710,hat,coat,2.67,1.76,711,0.5647618174552917,278
711,wagon,container,2.65,0.85,712,0.316005676984787,744
712,modest,ashamed,2.65,1.0,713,-0.03496944159269333,994
713,kill,defend,2.63,0.85,714,0.5021654963493347,763
714,bottom,side,2.63,1.51,715,0.3723563551902771,396
715,become,seem,2.63,1.79,716,0.30398452281951904,637
716,roof,floor,2.62,1.66,717,0.5969956517219543,340
717,wall,decoration,2.62,0.89,718,0.28032270073890686,805
718,bring,restore,2.62,0.74,719,0.5271021723747253,528
719,father,daughter,2.62,1.69,720,0.760708212852478,849
720,try,think,2.62,1.45,721,0.275816410779953,39
721,friend,teacher,2.62,1.29,722,0.4308479428291321,215
722,borrow,beg,2.62,1.89,723,0.2451276332139969,796
723,ball,cannon,2.58,1.82,724,0.2718479633331299,817
724,home,state,2.58,1.6,725,0.08267457783222198,965
725,book,theme,2.58,0.81,726,0.2685776650905609,813
726,motor,boat,2.57,1.45,727,0.2595592439174652,724
727,car,horn,2.57,0.79,728,0.32609251141548157,828
728,comprehend,satisfy,2.55,1.0,729,0.47060319781303406,456
729,word,clue,2.53,1.65,730,0.37619420886039734,304
730,leave,remain,2.53,1.36,731,0.5489177703857422,629
731,pot,appliance,2.53,1.26,732,0.15451361238956451,177
732,friend,mother,2.53,1.54,733,0.6224782466888428,430
733,bone,neck,2.53,1.05,734,0.48292720317840576,917
734,word,newspaper,2.47,0.94,735,0.08638545870780945,386
735,take,leave,2.47,0.8,736,0.5057429671287537,14
736,rough,frigid,2.47,1.37,737,0.4143681824207306,969
737,sunset,sunrise,2.47,1.12,738,0.8162813186645508,554
738,head,nail,2.47,1.4,739,0.07594036310911179,961
739,pact,condition,2.45,1.59,740,0.09050758183002472,954
740,ceiling,cathedral,2.42,1.57,741,0.3019258379936218,770
741,go,come,2.42,1.51,742,0.6937723755836487,88
742,come,bring,2.42,1.03,743,0.6350574493408203,157
743,fragile,frigid,2.38,0.84,744,0.19645914435386658,492
744,dog,horse,2.38,1.39,745,0.6181672215461731,25
745,happiness,luck,2.38,1.2,746,0.31875109672546387,184
746,street,car,2.38,1.16,747,0.3423313796520233,893
747,hound,fox,2.38,1.36,748,0.5555890202522278,694
748,winter,summer,2.38,0.47,749,0.7929882407188416,291
749,tax,income,2.38,1.15,750,0.45187538862228394,739
750,cat,rabbit,2.37,1.67,751,0.6997285485267639,80
751,boat,car,2.37,1.17,752,0.5680756568908691,271
752,meat,sandwich,2.35,1.69,753,0.48852866888046265,227
753,room,bed,2.35,1.31,754,0.592295229434967,741
754,stomach,vein,2.35,1.2,755,0.3170391917228699,829
755,arithmetic,rhythm,2.35,2.08,756,0.2586193084716797,418
756,ball,costume,2.32,1.02,757,0.15427415072917938,918
757,owe,lend,2.32,0.82,758,0.4371521770954132,517
758,game,trick,2.32,1.02,759,0.36995747685432434,640
759,add,divide,2.3,1.25,760,0.25187188386917114,837
760,clothes,button,2.3,1.44,761,0.16860675811767578,910
761,foot,head,2.3,0.62,762,0.25427520275115967,50
762,wife,husband,2.3,0.84,763,0.7377903461456299,840
763,chocolate,pie,2.27,1.79,764,0.5294510722160339,102
764,sun,sky,2.27,1.67,765,0.6777204275131226,334
765,keep,borrow,2.25,1.29,766,0.43519583344459534,521
766,boat,anchor,2.25,1.1,767,0.1869998276233673,899
767,give,borrow,2.22,1.63,768,0.38846370577812195,681
768,adult,baby,2.22,0.39,769,0.35178807377815247,609
769,bell,door,2.2,1.46,770,0.39049452543258667,934
770,south,north,2.2,0.59,771,0.9684369564056396,1
771,people,party,2.2,1.42,772,0.12334579974412918,605
772,boy,soldier,2.15,1.51,773,0.5944157838821411,221
773,money,pearl,2.1,1.94,774,0.12286916375160217,935
774,nurse,scientist,2.08,1.06,775,0.3567461669445038,383
775,apple,candy,2.08,0.75,776,0.5066779851913452,673
776,area,corner,2.07,1.41,777,0.3968985080718994,440
777,book,topic,2.07,1.22,778,0.29201939702033997,593
778,strange,sly,2.07,0.51,779,0.47940418124198914,786
779,spoon,cup,2.02,0.9,780,0.5257182121276855,342
780,happy,young,2.0,0.47,781,0.23794668912887573,860
781,classroom,hallway,2.0,1.23,782,0.5223502516746521,350
782,woman,secretary,1.98,1.6,783,0.05743373930454254,979
783,get,put,1.98,1.33,784,0.4981503486633301,405
784,fun,football,1.97,1.43,785,0.27754756808280945,700
785,door,cellar,1.97,1.47,786,0.3410666882991791,439
786,sly,strange,1.97,1.07,787,0.47940418124198914,800
787,card,bridge,1.97,1.69,788,0.08676093816757202,959
788,bread,cheese,1.95,1.52,789,0.7348240613937378,54
789,student,professor,1.95,1.13,790,0.46377795934677124,472
790,boy,partner,1.9,1.54,791,0.09161946922540665,894
791,house,key,1.9,1.09,792,-0.1398228257894516,895
792,tower,bell,1.9,1.41,793,0.34381574392318726,951
793,bar,jail,1.9,1.12,794,0.19577094912528992,999
794,top,side,1.9,1.29,795,0.24134890735149384,852
795,man,victor,1.9,1.67,796,0.196187362074852,693
796,lawyer,banker,1.88,1.18,797,0.46731677651405334,165
797,night,day,1.88,1.17,798,0.6298749446868896,464
798,require,inquire,1.82,1.06,799,0.25742587447166443,832
799,god,devil,1.8,1.1,800,0.5126075148582458,371
800,organize,become,1.77,1.86,801,0.26177191734313965,824
801,borrow,want,1.77,1.22,802,0.1570509523153305,914
802,formula,log,1.77,1.51,803,0.04666197672486305,983
803,dog,cat,1.75,1.3,804,0.8159884810447693,267
804,multiply,divide,1.75,1.32,805,0.24877700209617615,225
805,ball,glove,1.75,1.27,806,0.5930196046829224,844
806,accept,deny,1.75,1.41,807,0.5709108114242554,15
807,floor,ceiling,1.73,0.97,808,0.49982500076293945,402
808,borrow,sell,1.73,1.21,809,0.5892130732536316,233
809,door,kitchen,1.67,0.44,810,0.44257795810699463,559
810,door,floor,1.67,0.39,811,0.4123927354812622,508
811,send,attend,1.67,1.44,812,0.48011747002601624,136
812,meat,bread,1.67,1.62,813,0.5927591919898987,907
813,ball,basket,1.67,1.08,814,0.4721153974533081,634
814,birthday,year,1.67,1.69,815,0.1732712984085083,226
815,river,valley,1.67,1.23,816,0.6467512249946594,434
816,hose,garden,1.67,1.1,817,0.37440934777259827,454
817,dirty,cheap,1.6,1.1,818,0.3912939131259918,558
818,destroy,make,1.6,1.72,819,0.4744856357574463,588
819,lemon,tea,1.6,1.33,820,0.41252511739730835,547
820,author,reader,1.6,1.47,821,0.30946269631385803,339
821,restless,young,1.6,0.85,822,0.4199184775352478,447
822,get,remain,1.6,1.68,823,0.3980283737182617,755
823,sinner,saint,1.6,1.39,824,0.5280073285102844,602
824,accept,deliver,1.58,1.37,825,0.5281598567962646,338
825,old,new,1.58,0.41,826,0.10992105305194855,70
826,arm,neck,1.58,0.72,827,0.5222830772399902,351
827,beauty,age,1.58,1.54,828,0.1214967742562294,938
828,encourage,discourage,1.58,1.55,829,0.7137731313705444,942
829,alley,bowl,1.53,0.51,830,0.23969773948192596,853
830,ignorance,intelligence,1.5,1.3,831,0.2002471685409546,891
831,receive,give,1.47,1.19,832,0.6463000774383545,137
832,mad,glad,1.45,1.17,833,0.27846601605415344,799
833,argument,agreement,1.45,1.36,834,0.34182578325271606,698
834,disorganize,organize,1.45,1.3,835,0.1275162249803543,931
835,give,deny,1.43,1.36,836,0.4832916557788849,426
836,hip,lip,1.43,1.45,837,0.34957370162010193,685
837,chicken,rice,1.43,1.47,838,0.5715873837471008,266
838,apple,sauce,1.43,2.11,839,0.5753241181373596,255
839,reality,illusion,1.42,1.36,840,0.36117541790008545,657
840,house,carpet,1.38,1.44,841,0.2559233009815216,377
841,biography,fiction,1.38,1.24,842,0.5118933320045471,834
842,hard,simple,1.38,1.03,843,0.35823482275009155,666
843,breathe,choke,1.37,2.02,844,0.3590583801269531,662
844,arrive,leave,1.33,1.48,845,0.6002185344696045,209
845,box,elevator,1.32,1.28,846,0.26004746556282043,827
846,box,hat,1.3,1.15,847,0.35388728976249695,333
847,water,salt,1.3,0.94,848,0.5300900340080261,677
848,begin,quit,1.28,1.53,849,0.3699726164340973,639
849,apartment,furniture,1.28,1.72,850,0.3634229302406311,655
850,happy,angry,1.28,1.41,851,0.3574133515357971,671
851,wealth,poverty,1.27,1.47,852,0.33482274413108826,709
852,box,cigar,1.25,1.89,853,0.31523454189300537,746
853,oil,mink,1.23,1.53,854,0.14649735391139984,884
854,short,long,1.23,1.58,855,0.4060382544994354,574
855,god,prey,1.23,1.73,856,0.21147990226745605,924
856,bacon,bean,1.22,0.92,857,0.6335527300834656,161
857,butter,potato,1.22,1.19,858,0.593333899974823,224
858,forget,learn,1.18,1.65,859,0.5880054235458374,794
859,diet,apple,1.18,1.56,860,0.29057425260543823,381
860,honest,guilty,1.18,1.68,861,0.06158609688282013,789
861,narrow,broad,1.18,1.18,862,0.5076254606246948,975
862,gun,dawn,1.18,1.57,863,0.09560461342334747,948
863,portray,decide,1.18,1.37,864,0.28464239835739136,238
864,great,awful,1.17,1.53,865,0.34085628390312195,331
865,do,quit,1.17,1.81,866,0.3017144203186035,771
866,dumb,clever,1.17,1.3,867,0.5319242477416992,701
867,steal,buy,1.13,0.95,868,0.564203679561615,953
868,salad,vinegar,1.13,1.65,869,0.6454347372055054,973
869,school,law,1.13,1.49,870,0.06850343197584152,281
870,car,gauge,1.13,1.47,871,0.09054785221815109,140
871,mouse,cat,1.12,1.02,872,0.580361008644104,613
872,easy,big,1.12,1.22,873,0.3864785432815552,247
873,different,normal,1.08,1.75,874,0.36868664622306824,996
874,jail,choice,1.08,1.08,875,-0.048171889036893845,950
875,winner,presence,1.08,1.12,876,0.09357362240552902,839
876,send,receive,1.08,1.53,877,0.596185028553009,218
877,heart,surgery,1.08,1.07,878,0.2523811459541321,643
878,ignore,ask,1.07,1.27,879,0.5096035003662109,379
879,lose,keep,1.05,1.57,880,0.47233206033706665,453
880,keep,give,1.05,1.03,881,0.5286419987678528,337
881,agree,differ,1.05,1.53,882,0.36258965730667114,656
882,reality,fantasy,1.03,0.89,883,0.422429621219635,531
883,car,elevator,1.03,1.19,884,0.4265091121196747,413
884,denial,confession,1.03,1.64,885,0.3843916058540344,616
885,wide,narrow,1.03,0.58,886,0.48998185992240906,541
886,modest,flexible,0.98,1.89,887,0.3198378384113312,702
887,bring,complain,0.98,1.57,888,0.3408532738685608,902
888,choice,vein,0.98,1.11,889,0.12221048772335052,843
889,meal,waist,0.98,1.58,890,0.18177010118961334,937
890,destruction,construction,0.98,1.69,891,0.25036266446113586,737
891,arrange,require,0.98,1.72,892,0.32472363114356995,728
892,go,sell,0.97,0.9,893,0.5098087191581726,691
893,brother,soul,0.97,1.18,894,0.27096396684646606,378
894,leave,appear,0.97,1.45,895,0.34548866748809814,814
895,sad,funny,0.95,1.28,896,0.6336889266967773,672
896,car,bridge,0.95,1.2,897,0.3572784662246704,110
897,happy,mad,0.95,1.4,898,0.35398200154304504,159
898,hard,easy,0.95,0.93,899,0.6701899766921997,676
899,leave,enter,0.95,1.91,900,0.6294150352478027,168
900,forget,know,0.92,1.6,901,0.697731614112854,287
901,bed,hospital,0.92,1.35,902,0.4162161350250244,551
902,destroy,construct,0.92,1.78,903,0.5576525926589966,83
903,couch,baseball,0.88,1.32,904,0.1124458983540535,612
904,give,know,0.88,1.12,905,0.3864895701408386,872
905,fraternity,baseball,0.88,0.98,906,0.22440531849861145,941
906,old,fresh,0.87,1.64,907,0.07310567051172256,713
907,difficult,simple,0.87,0.44,908,0.332448810338974,566
908,remind,forget,0.87,1.56,909,0.6383602619171143,153
909,car,hose,0.87,0.78,910,0.40795043110847473,972
910,succeed,fail,0.83,1.44,911,0.4517558813095093,51
911,accept,reject,0.83,1.28,912,0.7376407384872437,493
912,portray,notify,0.78,1.17,913,0.2750155031681061,963
913,pupil,president,0.78,1.28,914,0.08536089211702347,806
914,lose,get,0.77,1.33,915,0.5676281452178955,273
915,find,disappear,0.77,1.04,916,0.3846805691719055,615
916,agree,argue,0.77,1.68,917,0.6502758264541626,132
917,dumb,intelligent,0.75,1.5,918,0.39182883501052856,601
918,modern,ancient,0.73,0.71,919,0.5486981868743896,305
919,weird,normal,0.72,1.15,920,0.31950274109840393,738
920,bottom,top,0.7,1.16,921,0.44049033522605896,512
921,worker,camera,0.68,1.21,922,0.05353694409132004,856
922,fraternity,door,0.68,0.94,923,0.10939814895391464,998
923,hymn,conquest,0.68,0.88,924,0.239285409450531,978
924,task,woman,0.68,0.34,925,0.05755196884274483,926
925,task,straw,0.68,1.53,926,0.02962689846754074,981
926,enter,owe,0.68,1.67,927,0.1864437460899353,944
927,hole,wife,0.68,1.18,928,0.06517490744590759,943
928,people,gun,0.68,1.47,929,0.14183901250362396,974
929,liquor,band,0.68,0.91,930,0.10732778906822205,987
930,pollution,president,0.68,1.6,931,-0.1381724625825882,900
931,nice,cruel,0.67,1.53,932,0.29204630851745605,784
932,bad,terrific,0.65,1.43,933,0.42146939039230347,544
933,unnecessary,necessary,0.63,0.61,934,0.48703932762145996,757
934,create,destroy,0.63,1.1,935,0.5749184489250183,422
935,forget,retain,0.63,1.68,936,0.3077320456504822,257
936,tiny,huge,0.6,0.59,937,0.4617379307746887,476
937,sharp,dull,0.6,1.39,938,0.21904821693897247,875
938,sly,tough,0.58,1.01,939,0.2039804607629776,160
939,bath,trick,0.58,1.28,940,0.23669317364692688,802
940,cent,wife,0.58,1.7,941,-0.0034614659380167723,913
941,course,stomach,0.58,0.87,942,0.16222241520881653,993
942,apple,sunshine,0.58,1.2,943,0.27685967087745667,862
943,easy,difficult,0.58,0.36,944,0.6336299777030945,881
944,woman,fur,0.58,0.99,945,0.21605925261974335,888
945,smart,dumb,0.55,0.47,946,0.534090518951416,219
946,spend,save,0.55,1.06,947,0.567696750164032,272
947,dull,funny,0.55,1.76,948,0.5958321690559387,329
948,easy,tough,0.52,1.87,949,0.4565925598144531,483
949,give,steal,0.5,0.62,950,0.42538982629776,532
950,people,balloon,0.48,1.96,951,0.08291077613830566,997
951,bath,wife,0.48,1.42,952,0.2181655913591385,989
952,people,cent,0.48,1.61,953,0.2077949494123459,992
953,camera,president,0.48,1.56,954,-0.05011287331581116,782
954,gun,trick,0.48,1.41,955,0.09622900933027267,964
955,night,chapter,0.48,0.92,956,0.15484116971492767,968
956,deck,mouse,0.48,1.48,957,0.2937130630016327,960
957,task,highway,0.48,1.34,958,0.08651572465896606,867
958,mouse,management,0.48,1.59,959,0.009258237667381763,810
959,presence,door,0.48,0.83,960,0.016115229576826096,886
960,large,flexible,0.48,1.59,961,0.2286275178194046,887
961,chapter,choice,0.48,0.86,962,0.12226817011833191,930
962,dumb,rare,0.48,1.55,963,0.1280529797077179,932
963,doctor,temper,0.48,1.44,964,0.12415885180234909,936
964,condition,boy,0.48,0.8,965,0.20667700469493866,916
965,trick,size,0.48,0.59,966,0.07914390414953232,947
966,bowl,tail,0.48,1.0,967,0.2746143937110901,949
967,huge,dumb,0.48,0.91,968,0.09531830251216888,877
968,wife,straw,0.4,1.53,969,0.07325125485658646,854
969,dollar,people,0.4,1.42,970,0.14711923897266388,851
970,ignore,explore,0.4,1.19,971,0.4095430076122284,957
971,bath,balloon,0.4,1.41,972,0.2420642375946045,506
972,rice,boy,0.4,1.72,973,0.08720913529396057,563
973,remind,sell,0.4,1.61,974,0.27655431628227234,874
974,stomach,bedroom,0.4,0.97,975,0.3509404957294464,985
975,bicycle,bedroom,0.4,1.47,976,0.34195131063461304,823
976,log,bath,0.4,1.63,977,0.2396482229232788,982
977,hymn,straw,0.4,1.64,978,0.10620405524969101,990
978,dentist,colonel,0.4,1.7,979,0.3759354054927826,696
979,absence,presence,0.4,1.5,980,0.44418278336524963,923
980,belief,flower,0.4,1.19,981,0.08741694688796997,971
981,endurance,band,0.4,0.44,982,0.050777368247509,956
982,flower,endurance,0.4,1.7,983,0.014016774483025074,683
983,terrific,mad,0.4,0.86,984,0.2688334286212921,946
984,fresh,wide,0.4,1.41,985,0.26197054982185364,816
985,cent,size,0.4,1.24,986,0.21979036927223206,803
986,liquor,century,0.4,1.31,987,0.041878048330545425,630
987,bad,great,0.35,1.49,988,0.4799548089504242,436
988,princess,island,0.3,1.36,989,0.15185315907001495,841
989,container,mouse,0.3,0.95,990,0.25096583366394043,846
990,ankle,window,0.3,1.8,991,0.24691225588321686,939
991,cliff,tail,0.3,1.57,992,0.39262163639068604,945
992,hole,agreement,0.3,1.72,993,0.06151062995195389,967
993,island,task,0.3,0.96,994,0.1068556159734726,599
994,gun,fur,0.3,1.8,995,0.21334365010261536,882
995,chapter,tail,0.3,1.57,996,0.08065102249383926,976
996,dirty,narrow,0.3,0.89,997,0.11878816783428192,919
997,new,ancient,0.23,0.46,998,0.1310117393732071,929
998,shrink,grow,0.23,1.2,999,0.75190269947052,43
